"","author","place_count","title_count","residuals"
"1","Abbott, David",1,1,-0.0121680186687812
"2","Abel, Winnie",1,5,-1.06702596584814
"3","Abell, Arthur M.",1,1,-0.0121680186687412
"4","Abraham, Filo M.",1,1,-0.0121680186687412
"5","Achermann, Franz Heinrich",1,1,-0.0121680186687412
"6","Acklin, Jürg",2,2,0.724117494536431
"7","Adam, Gabi",1,1,-0.0121680186687412
"8","Adams Richards, David",1,1,-0.0121680186687412
"9","Adams, Lilly",1,1,-0.0121680186687412
"10","Adlhoch, Christine",1,1,-0.0121680186687412
"11","Aebli, Kurt",1,1,-0.0121680186687412
"12","Ahern, Cecelia",2,2,0.724117494536431
"13","Ahlborn, Siegfried Heinz-Jürgen",2,3,0.460403007741604
"14","Ahlers, Marieta",1,2,-0.275882505463569
"15","Ahrens, Renate",1,1,-0.0121680186687412
"16","Aichelburg, Wolf von",1,1,-0.0121680186687412
"17","Aichmayr, Michael",1,1,-0.0121680186687412
"18","Alahmadi, Galal",1,1,-0.0121680186687412
"19","Alioth, Gabrielle",1,1,-0.0121680186687412
"20","Anderhandt, Jakob",1,1,-0.0121680186687412
"21","Anderka, Johanna",1,1,-0.0121680186687412
"22","Arens, Annegrit",2,2,0.724117494536431
"23","Arnim, Mary Annette von",1,1,-0.0121680186687412
"24","Austen, Jane",1,1,-0.0121680186687412
"25","Auwad, Fouad el-",1,1,-0.0121680186687412
"26","Bach, Leonie",1,1,-0.0121680186687412
"27","Bachér, Ingrid",1,1,-0.0121680186687412
"28","Bagheri-Goldschmied, Nahid",1,1,-0.0121680186687412
"29","Bagus, Clara Maria",1,1,-0.0121680186687412
"30","Balfour, Liz",1,1,-0.0121680186687412
"31","Bänsch, Dieter",1,1,-0.0121680186687412
"32","Bardéz, Roberto",1,1,-0.0121680186687412
"33","Barkow, Nick",3,3,1.4604030077416
"34","Barlach, Ernst",1,1,-0.0121680186687412
"35","Barnes, Keith",1,1,-0.0121680186687412
"36","Barth, Peter",1,1,-0.0121680186687412
"37","Bau, Holger",1,1,-0.0121680186687412
"38","Bauer, Katharina",1,1,-0.0121680186687412
"39","Baum, Beate",1,1,-0.0121680186687412
"40","Baume, Sara",1,1,-0.0121680186687412
"41","Becker Alvarez, Nora",1,2,-0.275882505463569
"42","Becker, Cornelia",1,1,-0.0121680186687412
"43","Becker, Jürgen",1,1,-0.0121680186687412
"44","Becker, Martha Ellen",1,1,-0.0121680186687412
"45","Beethoven, Ludwig van",1,1,-0.0121680186687412
"46","Behmann, Ulrich",1,1,-0.0121680186687412
"47","Bender, Hans",1,1,-0.0121680186687412
"48","Benioff, David",1,1,-0.0121680186687412
"49","Bentivegni, Ina von",1,1,-0.0121680186687412
"50","Benyovszky, Karl",1,1,-0.0121680186687412
"51","Berg, Balthasar",1,1,-0.0121680186687412
"52","Berg, Eva-Maria",1,1,-0.0121680186687412
"53","Berg, Sophie",1,1,-0.0121680186687412
"54","Berger, Clemens",1,1,-0.0121680186687412
"55","Bergmann, Brigitte",1,1,-0.0121680186687412
"56","Bergmann, Renate",1,1,-0.0121680186687412
"57","Berije, Levan",1,1,-0.0121680186687412
"58","Berkow, Karl",1,1,-0.0121680186687412
"59","Bettermann, Stella",1,1,-0.0121680186687412
"60","Beuß, Barbara",1,1,-0.0121680186687412
"61","Beutelspacher, Albrecht",1,1,-0.0121680186687412
"62","Bewersdorff-Langlotz, Eva-Saskia",1,1,-0.0121680186687412
"63","Biberger, Erich Ludwig",1,2,-0.275882505463569
"64","Bickel, Margot",1,2,-0.275882505463569
"65","Bieber, Horst",1,1,-0.0121680186687412
"66","Bielenstein, Daniel",1,1,-0.0121680186687412
"67","Birbaek, Michel",1,1,-0.0121680186687412
"68","Bischoff, Friedrich",1,1,-0.0121680186687412
"69","Blauhut, Holger",1,1,-0.0121680186687412
"70","Bode, Sabine",1,1,-0.0121680186687412
"71","Bodmershof, Imma",1,1,-0.0121680186687412
"72","Bolinder, Jean",1,1,-0.0121680186687412
"73","Bonner, Stefan",1,1,-0.0121680186687412
"74","Borra, Antonello",1,1,-0.0121680186687412
"75","Bosse-Sporleder, Maria",1,1,-0.0121680186687412
"76","Boura, Ewa",1,1,-0.0121680186687412
"77","Bourne, Sam",1,2,-0.275882505463569
"78","Brasch, Marion",1,2,-0.275882505463569
"79","Brätter, Peter",1,1,-0.0121680186687412
"80","Braumann, Franz",1,1,-0.0121680186687412
"81","Briggs, Patricia",1,1,-0.0121680186687412
"82","Brincken, Gertrud von den",1,1,-0.0121680186687412
"83","Brockmann, Reiner",1,1,-0.0121680186687412
"84","Brown, Andrea",3,4,1.19668852094678
"85","Brown, Sandra",1,1,-0.0121680186687412
"86","Brussolo, Serge",1,1,-0.0121680186687412
"87","Bucay, Jorge",1,1,-0.0121680186687412
"88","Buck, Inge",1,3,-0.539596992258396
"89","Buder, Johan",1,1,-0.0121680186687412
"90","Bund, Edgard",1,1,-0.0121680186687412
"91","Burgstedt, Eva",1,1,-0.0121680186687412
"92","Burnicki, Ralf",1,1,-0.0121680186687412
"93","Busch, Gertrud",1,1,-0.0121680186687412
"94","Busta, Christine",1,1,-0.0121680186687412
"95","Buttlar, Johannes von",1,1,-0.0121680186687412
"96","Byrne, Kerrigan",1,1,-0.0121680186687412
"97","Č'k'vanava, Gela",1,1,-0.0121680186687412
"98","Cain Külbel, Jürgen",1,1,-0.0121680186687412
"99","Can, Safiye",1,1,-0.0121680186687412
"100","Carr, Robyn",1,1,-0.0121680186687412
"101","Cesaro, Ingo",1,4,-0.803311479053223
"102","Challis, Sarah",1,1,-0.0121680186687412
"103","Chandler, Raymond",1,1,-0.0121680186687412
"104","Chobot, Manfred",3,3,1.4604030077416
"105","Chomley, Antje",1,1,-0.0121680186687412
"106","Christiansen-Simons, Momme",1,1,-0.0121680186687412
"107","Christie, Agatha",1,2,-0.275882505463569
"108","Chwylla, Béa",1,1,-0.0121680186687412
"109","Claßen, Andrea",1,1,-0.0121680186687412
"110","Clements, Rory",1,1,-0.0121680186687412
"111","Collins, Wilkie",1,1,-0.0121680186687412
"112","Conrad, Joseph",1,1,-0.0121680186687412
"113","Conrad, Michael",1,1,-0.0121680186687412
"114","Conradi, Hermann",1,1,-0.0121680186687412
"115","Cordes-Vollert, Doris",1,1,-0.0121680186687412
"116","Cordonnier, Marie",1,3,-0.539596992258396
"117","Cott, Georg Oswald",1,1,-0.0121680186687412
"118","Courant, Maria",1,1,-0.0121680186687412
"119","Cramer von Clausbruch, Adelheid",1,1,-0.0121680186687412
"120","Cramer, Sofie",1,1,-0.0121680186687412
"121","Cronenburg, Petra van",1,2,-0.275882505463569
"122","Cumart, Nevfel",1,1,-0.0121680186687412
"123","Currey, Mason",1,1,-0.0121680186687412
"124","D'Erceville, Danielė",1,1,-0.0121680186687412
"125","Daive, Jean",1,1,-0.0121680186687412
"126","Dal Poggetto, Manuela",1,1,-0.0121680186687412
"127","Daly, Leo",1,1,-0.0121680186687412
"128","Dannhorn, Joung-Ja",1,1,-0.0121680186687412
"129","Däubler, Theodor",1,1,-0.0121680186687412
"130","David, Ernst",1,1,-0.0121680186687412
"131","Decar, Michel",1,1,-0.0121680186687412
"132","Denk, Victor Martin Otto",1,1,-0.0121680186687412
"133","Déry, Tibor",1,1,-0.0121680186687412
"134","Dick, Uwe",1,1,-0.0121680186687412
"135","Dickow, Barbara",1,1,-0.0121680186687412
"136","Diebels, Birgit",1,1,-0.0121680186687412
"137","Diehl, Andreas",1,1,-0.0121680186687412
"138","Dischereit, Esther",1,1,-0.0121680186687412
"139","Doehnert, Rodica",1,1,-0.0121680186687412
"140","Doll, Georgia",1,1,-0.0121680186687412
"141","Domašcyna, Róža",1,1,-0.0121680186687412
"142","Döry, Ruth",1,1,-0.0121680186687412
"143","Dostojewskij, Fjodor M.",2,5,-0.0670259658480506
"144","Doyle, Arthur Conan",1,1,-0.0121680186687412
"145","Dreichlinger, Vera",1,1,-0.0121680186687412
"146","Dreiske, Hans-Herbert",2,2,0.724117494536431
"147","Droste, Georg",1,1,-0.0121680186687412
"148","Duhm, Heltrud",1,1,-0.0121680186687412
"149","Duncker, Dora",1,1,-0.0121680186687412
"150","Dutli-Rutishauser, Maria",2,2,0.724117494536431
"151","Eastland, Sam",1,1,-0.0121680186687412
"152","Edel, Rabea",1,1,-0.0121680186687412
"153","Eibel, Stephan",1,1,-0.0121680186687412
"154","Eilenberger, Wolfram",1,1,-0.0121680186687412
"155","Eis, Osso",1,1,-0.0121680186687412
"156","Eliot, T. S.",1,1,-0.0121680186687412
"157","Eners, W. I.",1,1,-0.0121680186687412
"158","Ephrussi, Elisabeth von",1,1,-0.0121680186687412
"159","Erath, Vinzenz",1,1,-0.0121680186687412
"160","Erkel, Ferenc",1,1,-0.0121680186687412
"161","Erpenbeck, Charlotte",1,1,-0.0121680186687412
"162","Ettl, Peter Jeremy",1,1,-0.0121680186687412
"163","Evers, Horst",1,1,-0.0121680186687412
"164","Faerber, Regina",1,1,-0.0121680186687412
"165","Fankhauser, Jürg M.",1,1,-0.0121680186687412
"166","Faro, Marlene",1,1,-0.0121680186687412
"167","Faschon, Susanne",1,1,-0.0121680186687412
"168","Fechenbach, Felix",1,1,-0.0121680186687412
"169","Federmair, Leopold",1,1,-0.0121680186687412
"170","Feehan, Christine",1,1,-0.0121680186687412
"171","Feldhaus, Hans-Jürgen",1,1,-0.0121680186687412
"172","Felix, D. S.",1,1,-0.0121680186687412
"173","Fernau, Joachim",1,1,-0.0121680186687412
"174","Fiebig, Gerald",1,1,-0.0121680186687412
"175","Fiechtner, Urs M.",1,1,-0.0121680186687412
"176","Fink, Georg",1,1,-0.0121680186687412
"177","Fischer, Rena",1,1,-0.0121680186687412
"178","Fletcher, Adam",1,1,-0.0121680186687412
"179","Flint, Sarah",1,1,-0.0121680186687412
"180","Flynn, Gillian",1,1,-0.0121680186687412
"181","Forster, E. M.",1,1,-0.0121680186687412
"182","Frank, Martin",1,1,-0.0121680186687412
"183","Franke, Ruth",1,1,-0.0121680186687412
"184","French, Tana",1,2,-0.275882505463569
"185","Funke, Cornelia",1,2,-0.275882505463569
"186","Gaiman, Neil",1,1,-0.0121680186687412
"187","Gary, Romain",1,1,-0.0121680186687412
"188","Gaugler-Straumann, Barbara",2,2,0.724117494536431
"189","Geerk, Frank",1,1,-0.0121680186687412
"190","Gehm, Franziska",1,1,-0.0121680186687412
"191","Gellhaus, Axel",1,1,-0.0121680186687412
"192","Gerlof, Kathrin",1,1,-0.0121680186687412
"193","Giono, Jean",1,1,-0.0121680186687412
"194","Girón, Manuel",1,1,-0.0121680186687412
"195","Glen, Joanna",1,1,-0.0121680186687412
"196","Godberg, Greta",1,1,-0.0121680186687412
"197","Goeb-Kümmel, Christine",1,2,-0.275882505463569
"198","Gomringer, Eugen",2,3,0.460403007741604
"199","Gonserowski, Annette",1,1,-0.0121680186687412
"200","Görlich, Günter",1,1,-0.0121680186687412
"201","Gradl, Christine",1,1,-0.0121680186687412
"202","Green, Simon R.",1,1,-0.0121680186687412
"203","Greif, Martin",1,1,-0.0121680186687412
"204","Griesbach, Corinna",1,1,-0.0121680186687412
"205","Griffiths, Sharon",1,1,-0.0121680186687412
"206","Grill, Harald",1,1,-0.0121680186687412
"207","Grosberg, Oskar",1,1,-0.0121680186687412
"208","Gröschner, Annett",2,2,0.724117494536431
"209","Grotjahn, Friedrich",1,1,-0.0121680186687412
"210","Grüneberger, Ralph",2,3,0.460403007741604
"211","Günther, Ralf",1,1,-0.0121680186687412
"212","Gutschmid, Eugen von",1,1,-0.0121680186687412
"213","Häfner, Guido",1,7,-1.59445493943771
"214","Häfner, Johannes",1,4,-0.803311479053223
"215","Hahn, Anna Katharina",1,1,-0.0121680186687412
"216","Hain, Paul",1,3,-0.539596992258396
"217","Hájíček, Jiří",1,1,-0.0121680186687412
"218","Hall, Constance",1,1,-0.0121680186687412
"219","Haller, Christian",1,1,-0.0121680186687412
"220","Hammacher, Wilfried",1,1,-0.0121680186687412
"221","Hartig, Dieter",1,1,-0.0121680186687412
"222","Harvey, Sarah",1,1,-0.0121680186687412
"223","Hassel, Mike",1,2,-0.275882505463569
"224","Haus, Heinz-Uwe",1,1,-0.0121680186687412
"225","Hees, Karin",1,1,-0.0121680186687412
"226","Hehl, Walter",1,1,-0.0121680186687412
"227","Heimes, Silke",1,1,-0.0121680186687412
"228","Hein, Günter",1,1,-0.0121680186687412
"229","Hein, Manfred Peter",4,4,2.19668852094678
"230","Heinrich, Finn-Ole",1,1,-0.0121680186687412
"231","Heinrich, Richard W.",1,1,-0.0121680186687412
"232","Heinze de Lorenzo, Ursula",3,3,1.4604030077416
"233","Hela, Ortrun Brunhild",1,1,-0.0121680186687412
"234","Helsing, Jan van",1,1,-0.0121680186687412
"235","Hemau, Gisela",1,1,-0.0121680186687412
"236","Hemingway, Ernest",1,1,-0.0121680186687412
"237","Herbert, Heinz",1,1,-0.0121680186687412
"238","Hermann, Kai",1,1,-0.0121680186687412
"239","Hersch-Tausky, Daniela",1,1,-0.0121680186687412
"240","Herzog, Marianne",1,2,-0.275882505463569
"241","Herzog, Rudolf",1,1,-0.0121680186687412
"242","Herzog, Werner",1,1,-0.0121680186687412
"243","Hessing, Jakob",1,1,-0.0121680186687412
"244","Hielscher, Juliane",1,1,-0.0121680186687412
"245","Hildebrandt, Irma",1,1,-0.0121680186687412
"246","Hille, Ulrike Marie",1,1,-0.0121680186687412
"247","Hock, Kurt",1,1,-0.0121680186687412
"248","Hoerschelmann, Fred von",1,1,-0.0121680186687412
"249","Hoffman, Jilliane",1,1,-0.0121680186687412
"250","Hoffmann, Anna",1,1,-0.0121680186687412
"251","Hoffmann, Johanna",1,1,-0.0121680186687412
"252","Hoffmann, Reinhold",1,1,-0.0121680186687412
"253","Höfler, Polly Maria",1,1,-0.0121680186687412
"254","Holesch, Ditha",1,1,-0.0121680186687412
"255","Hollitzer, Herbert",1,1,-0.0121680186687412
"256","Holstein, Jupp",1,1,-0.0121680186687412
"257","Holtei, Karl von",2,2,0.724117494536431
"258","Horowitz, Anthony",1,1,-0.0121680186687412
"259","Huber, Klaus",1,1,-0.0121680186687412
"260","Hübotter, Klaus",1,2,-0.275882505463569
"261","Hummel, Eleonora",1,1,-0.0121680186687412
"262","Irmisch, Beate",1,2,-0.275882505463569
"263","Isherwood, Christopher",1,1,-0.0121680186687412
"264","Jablonsky, Hilla",1,1,-0.0121680186687412
"265","Jäger, Katja",1,3,-0.539596992258396
"266","James, Eloisa",1,1,-0.0121680186687412
"267","James, Peter",2,2,0.724117494536431
"268","Jensen, Nils",1,1,-0.0121680186687412
"269","Jisa, Rudolf",1,1,-0.0121680186687412
"270","Jonuleit, Anja",1,1,-0.0121680186687412
"271","Joop, Wolfgang",1,1,-0.0121680186687412
"272","Jung, Peter",1,1,-0.0121680186687412
"273","Jussen, Heinz",1,1,-0.0121680186687412
"274","Kahlert, August",1,1,-0.0121680186687412
"275","Kanduth, Gerard",1,1,-0.0121680186687412
"276","Kapielski, Thomas",1,1,-0.0121680186687412
"277","Kapitelman, Dmitrij",1,1,-0.0121680186687412
"278","Katz, Leo",1,1,-0.0121680186687412
"279","Kehle, Matthias",2,2,0.724117494536431
"280","Keil, Christina E.",1,1,-0.0121680186687412
"281","Keller, Volker",1,1,-0.0121680186687412
"282","Kerr, Charlotte",1,1,-0.0121680186687412
"283","Kessler, Klaus",1,1,-0.0121680186687412
"284","Keßner, Andreas",1,1,-0.0121680186687412
"285","Keyser, Charlotte",1,1,-0.0121680186687412
"286","Kiefer, Reinhard",1,1,-0.0121680186687412
"287","Kien, Peter",1,1,-0.0121680186687412
"288","Kinzelmann, Dietlind",1,1,-0.0121680186687412
"289","Kipphardt, Heinar",1,2,-0.275882505463569
"290","Kirchner, Katrin",1,3,-0.539596992258396
"291","Klaushofer, Roswitha",1,1,-0.0121680186687412
"292","Klein, Eduard",1,1,-0.0121680186687412
"293","Kluge, Karlheinz",1,1,-0.0121680186687412
"294","Kneissler, Michael",1,1,-0.0121680186687412
"295","Knopp, Thomas",1,1,-0.0121680186687412
"296","Kobr, Michael",1,1,-0.0121680186687412
"297","Kohl, Paul",1,1,-0.0121680186687412
"298","Kolb, Rüdiger",1,1,-0.0121680186687412
"299","Kolb, Ulrike",1,1,-0.0121680186687412
"300","König, Wilhelm",1,1,-0.0121680186687412
"301","Koppelkamm, Stefan",1,1,-0.0121680186687412
"302","Koß, Bert",1,2,-0.275882505463569
"303","Köttner-Benigni, Klara",2,4,0.196688520946777
"304","Kramer, Theodor",1,1,-0.0121680186687412
"305","Kraus, Ivan",1,2,-0.275882505463569
"306","Kraus, Rudolf",1,1,-0.0121680186687412
"307","Krebs, Gérard",1,1,-0.0121680186687412
"308","Kremnitz, Mite",1,2,-0.275882505463569
"309","Krenek, Ernst",1,1,-0.0121680186687412
"310","Kresswitz, Nina",1,1,-0.0121680186687412
"311","Kretz, Ingrid",1,2,-0.275882505463569
"312","Kröber, Hans-Ludwig",1,1,-0.0121680186687412
"313","Kropp, Jürgen",1,1,-0.0121680186687412
"314","Kruse, Sigrid",1,1,-0.0121680186687412
"315","Kuessner, Lutz",1,1,-0.0121680186687412
"316","Kuhligk, Björn",1,1,-0.0121680186687412
"317","Kuhn, Horst",1,1,-0.0121680186687412
"318","Kui, Alexandra",1,1,-0.0121680186687412
"319","Kumar, Anant",1,1,-0.0121680186687412
"320","Kuntz, Mark",1,1,-0.0121680186687412
"321","Kuppel, Gotthart",1,1,-0.0121680186687412
"322","Kureishi, Hanif",1,1,-0.0121680186687412
"323","Kusenberg, Kurt",1,2,-0.275882505463569
"324","Lain, Tara",1,1,-0.0121680186687412
"325","Lange, Fritz",1,1,-0.0121680186687412
"326","Langenscheidt, Florian",2,2,0.724117494536431
"327","Langer, Jiří",1,1,-0.0121680186687412
"328","Langthaler, Hilde",1,1,-0.0121680186687412
"329","Lantos, Titus",1,1,-0.0121680186687412
"330","Larionov, Denis",1,1,-0.0121680186687412
"331","Lasonchyk, R.",1,1,-0.0121680186687412
"332","Laupus, Monika",1,1,-0.0121680186687412
"333","Lavee, Ingrid",1,1,-0.0121680186687412
"334","Leach, Roger",1,1,-0.0121680186687412
"335","Lederer, Joe",1,1,-0.0121680186687412
"336","Lee, Edward",1,1,-0.0121680186687412
"337","Leitschuh, Marcus C.",1,1,-0.0121680186687412
"338","Leman, Susanne",1,1,-0.0121680186687412
"339","Lenz, Anita",1,1,-0.0121680186687412
"340","Lenze, Ulla",3,3,1.4604030077416
"341","Leon, Donna",2,3,0.460403007741604
"342","Lepka, Gregor M.",1,1,-0.0121680186687412
"343","Leynaud, René",1,1,-0.0121680186687412
"344","Lichtenstein, Alfred",1,1,-0.0121680186687412
"345","Liebetreu, Donald",1,1,-0.0121680186687412
"346","Liersch, Hendrik",1,1,-0.0121680186687412
"347","Limacher, Roland",1,1,-0.0121680186687412
"348","Lindemann, Bernd",2,3,0.460403007741604
"349","Lindt, George",1,1,-0.0121680186687412
"350","Lindt, Nicolas",1,1,-0.0121680186687412
"351","Loosli, Ruth",1,1,-0.0121680186687412
"352","Lorenc, Kito",1,1,-0.0121680186687412
"353","Lorenz-Lindemann, Karin",1,1,-0.0121680186687412
"354","Loriot",1,1,-0.0121680186687412
"355","Löschner, Irmgard",1,1,-0.0121680186687412
"356","Lubitsch, Nika",2,2,0.724117494536431
"357","Lükens, Markus",1,1,-0.0121680186687412
"358","Luther, Martin",1,1,-0.0121680186687412
"359","Maar, Paul",1,1,-0.0121680186687412
"360","MacNeill, Alastair",1,1,-0.0121680186687412
"361","Mahlow, Verena",1,1,-0.0121680186687412
"362","Maier, Kathrin",1,1,-0.0121680186687412
"363","Manteuffel, Peter Zoege von",1,1,-0.0121680186687412
"364","Mara, Ulrike",1,1,-0.0121680186687412
"365","Marcard, Micaela von",1,1,-0.0121680186687412
"366","Margwelaschwili, Giwi",1,1,-0.0121680186687412
"367","Markarēs, Petros",1,1,-0.0121680186687412
"368","Martell, Rupert",1,1,-0.0121680186687412
"369","Marti, Lorenz",1,1,-0.0121680186687412
"370","Martin, Hansjörg",1,1,-0.0121680186687412
"371","Martin, Tom",1,1,-0.0121680186687412
"372","Materni, Undine",1,1,-0.0121680186687412
"373","Maupassant, Guy de",1,1,-0.0121680186687412
"374","Mayer, Lisa",1,1,-0.0121680186687412
"375","Mayer, Ralo",1,1,-0.0121680186687412
"376","Mazzi, Lisa",1,1,-0.0121680186687412
"377","McCay, Bill",1,1,-0.0121680186687412
"378","McDevitt, Jack",1,1,-0.0121680186687412
"379","Mednyánszky, Alajos",1,1,-0.0121680186687412
"380","Meinshausen, R. Hermann",1,1,-0.0121680186687412
"381","Melzer-Geissler, Elisabeth",1,1,-0.0121680186687412
"382","Merchant, Judith",1,1,-0.0121680186687412
"383","Messmer, Susanne",1,1,-0.0121680186687412
"384","Meyer-Dietrich, Inge",1,1,-0.0121680186687412
"385","Meyer-Götz, Heinrich",1,1,-0.0121680186687412
"386","Meyer, Deon",1,1,-0.0121680186687412
"387","Michel, Robert",1,1,-0.0121680186687412
"388","Mielcke, Christian Gottlieb",1,1,-0.0121680186687412
"389","Mihailescu, Andrei",1,1,-0.0121680186687412
"390","Miles, William",1,1,-0.0121680186687412
"391","Miller, Rebecca",1,1,-0.0121680186687412
"392","Mintrop, Theodor",1,1,-0.0121680186687412
"393","Mirtse, Agnes",1,1,-0.0121680186687412
"394","Möckel, Klaus",1,1,-0.0121680186687412
"395","Molnar, Adolf",1,1,-0.0121680186687412
"396","Molzer, Kurt",1,2,-0.275882505463569
"397","Monk, Radjo",1,1,-0.0121680186687412
"398","Morrison, Arthur",1,1,-0.0121680186687412
"399","Morrissey, Di",1,1,-0.0121680186687412
"400","Moser, Erwin",1,1,-0.0121680186687412
"401","Moster, Stefan",1,2,-0.275882505463569
"402","Mousli, Luna al-",1,2,-0.275882505463569
"403","Mückain, Johanna",1,1,-0.0121680186687412
"404","Mühldorfer, Stefan",1,1,-0.0121680186687412
"405","Mulisch, Harry",1,1,-0.0121680186687412
"406","Müller-Guttenbrunn, Adam",1,1,-0.0121680186687412
"407","Müller-Walter, Doris",1,1,-0.0121680186687412
"408","Müller, Friedrich Max",1,1,-0.0121680186687412
"409","Müller, Gert",1,1,-0.0121680186687412
"410","Müller, Katharina",1,1,-0.0121680186687412
"411","Müllner, Adolph",1,1,-0.0121680186687412
"412","Murnau, Richard F.",1,1,-0.0121680186687412
"413","Musharbash, Yassin",1,1,-0.0121680186687412
"414","Nachtwey, Uwe",1,1,-0.0121680186687412
"415","Nádas, Péter",1,1,-0.0121680186687412
"416","Netenjakob, Moritz",1,1,-0.0121680186687412
"417","Neumann, Lothar",1,1,-0.0121680186687412
"418","Neumann, Walter",1,2,-0.275882505463569
"419","Neuwald, Alfred",1,1,-0.0121680186687412
"420","Nickel, Artur",1,1,-0.0121680186687412
"421","Niederle, Helmuth A.",1,2,-0.275882505463569
"422","Nielsen, Frederic W.",1,1,-0.0121680186687412
"423","Nikolʹska, Mėri",1,1,-0.0121680186687412
"424","Noll, Wulf",1,1,-0.0121680186687412
"425","Norris, Sigrid",1,1,-0.0121680186687412
"426","O'Connor, Joseph",1,1,-0.0121680186687412
"427","Oates, Joyce Carol",1,1,-0.0121680186687412
"428","Odelga, Ingeborg",1,1,-0.0121680186687412
"429","Orczy, Emmuska",1,1,-0.0121680186687412
"430","Oskamp, Katja",1,1,-0.0121680186687412
"431","Ovidius Naso, Publius",1,1,-0.0121680186687412
"432","Pabst, Lothar",2,3,0.460403007741604
"433","Paluch, Andrea",1,1,-0.0121680186687412
"434","Panhys, Anny von",1,1,-0.0121680186687412
"435","Parise, Claudia C.",1,3,-0.539596992258396
"436","Pawelzik, Fritz",1,1,-0.0121680186687412
"437","Peaston, Angelika",1,1,-0.0121680186687412
"438","Pelz von Felinau, Josef",1,1,-0.0121680186687412
"439","Peng, Hildefons",1,1,-0.0121680186687412
"440","Pessoa, Fernando",1,3,-0.539596992258396
"441","Peter, Maria W.",1,1,-0.0121680186687412
"442","Petersmann, Konstanze",1,1,-0.0121680186687412
"443","Petery, Constanze",1,1,-0.0121680186687412
"444","Petit, Chris",1,1,-0.0121680186687412
"445","Pfeifer, Tadeus",1,1,-0.0121680186687412
"446","Pfeil, Ellmar",1,1,-0.0121680186687412
"447","Phillips, Susan Elizabeth",1,1,-0.0121680186687412
"448","Philp, Günther",1,2,-0.275882505463569
"449","Pill, Harry",1,1,-0.0121680186687412
"450","Pinthus, Kurt",2,3,0.460403007741604
"451","Platzgumer, Hans",1,1,-0.0121680186687412
"452","Pohl, Hertha",1,1,-0.0121680186687412
"453","Polak, Oliver",1,1,-0.0121680186687412
"454","Popa, Adrianne Hermina",1,1,-0.0121680186687412
"455","Präauer, Teresa",1,1,-0.0121680186687412
"456","Praetorius, Johannes",2,2,0.724117494536431
"457","Preil, Hans-Joachim",1,1,-0.0121680186687412
"458","Pu, Songling",1,2,-0.275882505463569
"459","Qu, Yuan",1,1,-0.0121680186687412
"460","Rajah, Susi",1,1,-0.0121680186687412
"461","Ramnek, Hugo",1,1,-0.0121680186687412
"462","Ramos, Graciliano",1,1,-0.0121680186687412
"463","Randt, Leif",1,1,-0.0121680186687412
"464","Rankin, Ian",1,1,-0.0121680186687412
"465","Rau, Milo",1,1,-0.0121680186687412
"466","Rautenberg, Arne",1,1,-0.0121680186687412
"467","Rechberger, Rainer",2,2,0.724117494536431
"468","Regensburger, Annemarie",1,1,-0.0121680186687412
"469","Regnier, Anatol",1,1,-0.0121680186687412
"470","Regoli, Uta",1,1,-0.0121680186687412
"471","Reiche, Claudia",1,1,-0.0121680186687412
"472","Reichmann, Vilém",1,1,-0.0121680186687412
"473","Reisdorf, Theodor J.",1,1,-0.0121680186687412
"474","Ribas, Rosa",1,1,-0.0121680186687412
"475","Ribeiro, Marcos A. P.",1,1,-0.0121680186687412
"476","Richler, Mordecai",1,1,-0.0121680186687412
"477","Richter, Hans Werner",1,2,-0.275882505463569
"478","Robbins, Tom",1,1,-0.0121680186687412
"479","Röckener, Andreas",1,1,-0.0121680186687412
"480","Roland, Oliver",3,8,0.141830573767467
"481","Rolf, Antonia",1,1,-0.0121680186687412
"482","Rönckendorff, Edda",1,1,-0.0121680186687412
"483","Roosen, Samantha",1,4,-0.803311479053223
"484","Rosenfeld, Ruth",1,1,-0.0121680186687412
"485","Rösler, Jo Hanns",1,1,-0.0121680186687412
"486","Roth, Eugen",1,1,-0.0121680186687412
"487","Rother, Alfred",1,1,-0.0121680186687412
"488","Rücker, Peter E.",1,1,-0.0121680186687412
"489","Rückert, Friedrich",1,2,-0.275882505463569
"490","Rudolph, Frank",1,1,-0.0121680186687412
"491","Rusch, Sheldon",1,1,-0.0121680186687412
"492","Russo Karcher, Nina",2,2,0.724117494536431
"493","Sad, Yaʿaqov",1,1,-0.0121680186687412
"494","Sadr, Hamid",1,1,-0.0121680186687412
"495","Saillo, Ouarda",1,1,-0.0121680186687412
"496","Šalāh, ʿAlī aš-",1,1,-0.0121680186687412
"497","Samur-Kajin",1,1,-0.0121680186687412
"498","Sattler, Ines-Angelika",1,1,-0.0121680186687412
"499","Saurer, Andreas",1,1,-0.0121680186687412
"500","Sava, Michael",1,1,-0.0121680186687412
"501","Schäfer, Alexander G.",1,1,-0.0121680186687412
"502","Schaffer, Ulrich",1,1,-0.0121680186687412
"503","Schawerda, Elisabeth",1,1,-0.0121680186687412
"504","Scheffel, Joseph Victor von",1,1,-0.0121680186687412
"505","Schenk, Christian W.",1,1,-0.0121680186687412
"506","Schenkel, Elmar",1,1,-0.0121680186687412
"507","Schernikau, Michael Rasmus",1,1,-0.0121680186687412
"508","Schier, Petra",1,1,-0.0121680186687412
"509","Schimmel, Annemarie",1,1,-0.0121680186687412
"510","Schippers, Wilhelm",1,1,-0.0121680186687412
"511","Schlesak, Dieter",3,5,0.932974034151949
"512","Schlevogt, Pierre Christophe",1,1,-0.0121680186687412
"513","Schleyer, Johann Martin",1,1,-0.0121680186687412
"514","Schmidgall, Renate",1,1,-0.0121680186687412
"515","Schmied, Wieland",1,1,-0.0121680186687412
"516","Schneider, Hanna",1,1,-0.0121680186687412
"517","Schnell, Peter",1,1,-0.0121680186687412
"518","Schnetz, Wolf Peter",1,1,-0.0121680186687412
"519","Schnurre, Wolfdietrich",1,4,-0.803311479053223
"520","Schnyder, Monika",1,1,-0.0121680186687412
"521","Schober, Michael",1,1,-0.0121680186687412
"522","Schoenle, Annemarie",1,1,-0.0121680186687412
"523","Scholz-Amoulong, Sieglinde",1,1,-0.0121680186687412
"524","Scholz, Wilhelm von",1,1,-0.0121680186687412
"525","Schönburg, Alexander von",1,2,-0.275882505463569
"526","Schönthan, Gaby von",1,1,-0.0121680186687412
"527","Schreier, Carsten",1,4,-0.803311479053223
"528","Schroeder, Ulla",1,1,-0.0121680186687412
"529","Schulz, Andreas",1,1,-0.0121680186687412
"530","Schuster, Gaby",1,3,-0.539596992258396
"531","Schuster, Ute AnneMarie",1,1,-0.0121680186687412
"532","Schütz, Stefan",1,1,-0.0121680186687412
"533","Schwarz, Annelies",1,1,-0.0121680186687412
"534","Schwarz, Hans-Erich",1,1,-0.0121680186687412
"535","Schwarz, Peter",1,1,-0.0121680186687412
"536","Scott, Michael",1,1,-0.0121680186687412
"537","Seck-Agthe, Monika",1,1,-0.0121680186687412
"538","Seidel, Dieter",1,1,-0.0121680186687412
"539","Seifert, Ilja",1,1,-0.0121680186687412
"540","Seiler, Hellmut",1,1,-0.0121680186687412
"541","Sela, Petra",1,1,-0.0121680186687412
"542","Şerban, Robert",1,1,-0.0121680186687412
"543","Shakespeare, William",2,2,0.724117494536431
"544","Sigg, Helmi",1,1,-0.0121680186687412
"545","Sima, Qian",1,1,-0.0121680186687412
"546","Simon, Claus",1,1,-0.0121680186687412
"547","Simrock, Karl",1,1,-0.0121680186687412
"548","Sofronieva, Tzveta",1,1,-0.0121680186687412
"549","Söllner, Werner",1,1,-0.0121680186687412
"550","Sommer, Edith",1,4,-0.803311479053223
"551","Sommerkamp, Sabine",1,1,-0.0121680186687412
"552","Somplatzki, Herbert",1,1,-0.0121680186687412
"553","Soumagne, Ludwig",1,1,-0.0121680186687412
"554","Spiegel, Josef F.",1,1,-0.0121680186687412
"555","Splitt, Peter",1,1,-0.0121680186687412
"556","Spoerl, Heinrich",1,2,-0.275882505463569
"557","Šrers, Gustavs",1,1,-0.0121680186687412
"558","Stange, Gerda",1,1,-0.0121680186687412
"559","Stäuble, Eduard",1,1,-0.0121680186687412
"560","Stein, Gerhard",1,1,-0.0121680186687412
"561","Stein, Johanna",1,1,-0.0121680186687412
"562","Steinriede, Rosemarie",1,1,-0.0121680186687412
"563","Steinweg, Marcus",1,1,-0.0121680186687412
"564","Steinwendtner, Brita",1,1,-0.0121680186687412
"565","Stejn, Karl",1,4,-0.803311479053223
"566","Stemmle, Rolf",1,1,-0.0121680186687412
"567","Stephan-Kühn, Freya",1,1,-0.0121680186687412
"568","Stephani, Claus",2,2,0.724117494536431
"569","Stewner, Tanya",1,1,-0.0121680186687412
"570","Stingl, Günther",1,1,-0.0121680186687412
"571","Stocker, Darja",1,1,-0.0121680186687412
"572","Stojka, Ceija",1,1,-0.0121680186687412
"573","Strasser, Johano",1,1,-0.0121680186687412
"574","Stroheker, Tina",1,2,-0.275882505463569
"575","Strugalla, Johannes",1,1,-0.0121680186687412
"576","Sullivan, Mark T.",1,1,-0.0121680186687412
"577","Sullivan, Michael J.",1,1,-0.0121680186687412
"578","Surra, Kerstin",1,1,-0.0121680186687412
"579","Sutcliff, Rosemary",1,1,-0.0121680186687412
"580","Sutzkever, Abraham",1,1,-0.0121680186687412
"581","Swift, Jonathan",1,1,-0.0121680186687412
"582","Syha, Ulrike",1,1,-0.0121680186687412
"583","Sylva, Carmen",1,1,-0.0121680186687412
"584","Tänzer, Gerhard",1,1,-0.0121680186687412
"585","Taufiq, Suleman",1,1,-0.0121680186687412
"586","Techet, Carl",1,1,-0.0121680186687412
"587","Tegetthoff, Folke",2,2,0.724117494536431
"588","Thieme, August",1,1,-0.0121680186687412
"589","Thomas, Helga",1,3,-0.539596992258396
"590","Thomas, Manuel",1,1,-0.0121680186687412
"591","Thompson, Carlene",1,1,-0.0121680186687412
"592","Thüminger, Rosmarie",1,1,-0.0121680186687412
"593","Trelenberg, Thorsten",1,1,-0.0121680186687412
"594","Troll, Thaddäus",1,1,-0.0121680186687412
"595","Tropper, Jonathan",1,1,-0.0121680186687412
"596","Trott, Magda",1,1,-0.0121680186687412
"597","Tuomainen, Antti",1,1,-0.0121680186687412
"598","Twining, James",1,1,-0.0121680186687412
"599","Uhland, Ludwig",1,1,-0.0121680186687412
"600","Ulrich, Andreas",1,1,-0.0121680186687412
"601","Urweider, Raphael",1,1,-0.0121680186687412
"602","Uzun, Kamil",1,1,-0.0121680186687412
"603","Van Winkle, Ryan",1,1,-0.0121680186687412
"604","Vegesack, Siegfried von",2,2,0.724117494536431
"605","Viehweg, Frank",1,1,-0.0121680186687412
"606","Vila-Matas, Enrique",1,1,-0.0121680186687412
"607","Völker, Peter",3,3,1.4604030077416
"608","Vyoral, Hannes",1,1,-0.0121680186687412
"609","Wagner, Heike K.",1,1,-0.0121680186687412
"610","Waldis, Burkhard",1,1,-0.0121680186687412
"611","Walke, Susan",1,1,-0.0121680186687412
"612","Wandeler-Deck, Elisabeth",1,1,-0.0121680186687412
"613","Wawrzyniak, Zdzisław",1,1,-0.0121680186687412
"614","Weber, Carl Maria von",1,1,-0.0121680186687412
"615","Weber, Ilse",1,1,-0.0121680186687412
"616","Wehrli, Peter K.",1,1,-0.0121680186687412
"617","Weick, Hermann",1,1,-0.0121680186687412
"618","Weill, Erwin",1,1,-0.0121680186687412
"619","Weill, Kurt",1,1,-0.0121680186687412
"620","Wellerdiek, Karl-Heinz",1,1,-0.0121680186687412
"621","Welskopf-Henrich, Liselotte",1,3,-0.539596992258396
"622","Welter, Andreas",1,1,-0.0121680186687412
"623","Wendt, Albert",2,3,0.460403007741604
"624","Wenzel, Hans-Eckardt",1,1,-0.0121680186687412
"625","Werner, Heinz",1,1,-0.0121680186687412
"626","Werth, Babette",1,1,-0.0121680186687412
"627","Whitehill, Robert Blake",1,1,-0.0121680186687412
"628","Wiedemann, Ferdinand Johann",1,1,-0.0121680186687412
"629","Wieland, Ursula",1,1,-0.0121680186687412
"630","Wiese, Brigitte",1,1,-0.0121680186687412
"631","Willi, Jean",1,1,-0.0121680186687412
"632","Winter, Sophie",1,1,-0.0121680186687412
"633","Wolf, Hugo",1,1,-0.0121680186687412
"634","Wolfensberger, William",1,1,-0.0121680186687412
"635","Wood, Barbara",1,1,-0.0121680186687412
"636","Wu, Jingzi",1,1,-0.0121680186687412
"637","Wunn, Carsten",1,1,-0.0121680186687412
"638","Wüster, Jakob",1,1,-0.0121680186687412
"639","Wustmann, Gerrit",2,2,0.724117494536431
"640","Wyss, Johann Rudolf",1,1,-0.0121680186687412
"641","Zemme, Ulrike",1,1,-0.0121680186687412
"642","Zenker, Helmut",1,1,-0.0121680186687412
"643","Zieger, Ulrich",1,1,-0.0121680186687412
"644","Zils, Diethard",1,1,-0.0121680186687412
"645","Zimmermann, Christa-Maria",1,1,-0.0121680186687412
"646","Гейне, Генріх",1,3,-0.539596992258396
